<OpenNI>
	<Licenses>
		<License vendor="vendor" key="0KOIk2JeIBYClPWVnMoRKn5cdY4="/>
	</Licenses>
	<Log writeToConsole="true" writeToFile="false">
		<!-- 0 - Verbose, 1 - Info, 2 - Warning, 3 - Error (default) -->
		<LogLevel value="3"/>
		<Masks>
			<Mask name="ALL" on="false"/>
		</Masks>
		<Dumps>
		</Dumps>
	</Log>
	<ProductionNodes>	
		<!-- Normal Image -- -->
		<Node type="Image" name="Image1">
		
			<Configuration>
				<MapOutputMode xRes="640" yRes="480" FPS="30"/>
				<Mirror on="true"/>
			</Configuration>
		</Node>	
		
		<!-- HighRes Image -->
		<!--
		<Node type="Image" name="Image1">
			<Configuration>
				<MapOutputMode xRes="1280" yRes="1024" FPS="15"/>
				<Mirror on="true"/>
			</Configuration>
		</Node>
		-->

		<Node type="Depth" name="Depth1">
			<Configuration>
				<MapOutputMode xRes="640" yRes="480" FPS="30"/>
				<Mirror on="true"/>
			</Configuration>
		</Node>
		<!--
		<Node type="Audio" name="Audio1">
		</Node>
		-->
	</ProductionNodes>
</OpenNI>
